scheme,n,mean,t,t_nw,ann_return
product,60,0.0012524734723005193,0.06014940625628777,0.06937434020189814,-0.06686699585860478
variance_share,60,0.004021706731494404,0.20546214852359979,0.24101623666263333,-0.04827851385876891
literature,60,0.009415226344530504,0.4599523372164689,0.5919903097479697,-0.023015559025019172
