factor,ic_filtered,n_filtered,ic_unfiltered,n_unfiltered,bias
ret_12_1,0.005725229670302983,60,0.015494943572823348,60,0.009769713902520365
ret_13w,-0.003592586662662175,60,0.004615985370520535,60,0.00820857203318271
volatility_26w,-0.005475914052985678,60,-0.014895415933735421,60,-0.009419501880749744
beta_52w,-0.014516665919275655,60,-0.02291006862903586,60,-0.008393402709760205
